Workbook

Sheet Plan de Test
A1: Déroulement général
B2: Un membre de l'équipe enseignante démarre l'exécution du plan de test, il effectue les tests de convivialité et note les résultats dans son propre fichier excel
B3: Le test sans perturbation est ensuite démarré. Au bout d'une minute ou deux, le membre de l'équipe enseignante prend en photo les courbes affichées, en prenant soin d'avoir le numéro de l'équipe dans la photo.
B4: Le membre de l'équipe enseignante peut alors quitter
B5: L'équipe complète le test selon les directives ci-bas et sauve les données pour remplir l'onglet "Réponse à l'échelon"
B6: Lorsque prête pour le test de perturbation, l'équipe lève la main
B7: Un membre de l'équipe enseignante démarre le test, lorsque la perturbation est allumée, il prend les courbes affichées en photo, avec le numéro d'équipe et peut quitter
B8: L'équipe complète le test selon les directives ci-bas et sauve les données pour remplir l'onglet "Réponse perturbation"
B9: Lorsque prête pour le test de robutesse, l'équipe lève la main
B10: Un membre de l'équipe enseignante démarre le test, il laisse tomber le prototype de 5 cm et l'asservissement est démarré. L'évaluateur note dans son propre fichier excel les manipulations nécessaires pour démarrer l'asservissement.
B11: Après une minute de chauffage, l'évalutateur cogne sur la table. Il attend encore une minute avant de prendre les courbes en photo
B12: L'équipe complète le test selon les directives ci-bas et sauve les données pour remplir l'onglet "Robustesse"
B14: L'équipe complète le fichier excel selon les directives et les templates donnés
... B21: Les enseignants procèdent à l'attribution des notes en utilisant l'information dans le fichier excel, notamment l'onglet "sommaire"
A23: Convivialité
B24: Voir l'onglet convivialité
A26: Réponse à l'échelon
B27: Démarrer l'asservissement avec une consigne à la température pièce (entre 23 et 25)
B28: Attendre que la consigne soit atteinte
B29: Mettre la consigne à 30 C
B30: Démarrer l'asservissement
B31: Attendre que la température soit stabilisée à la consigne
B32: Attendre au moins 5 minutes de plus
B33: Mettre la consigne à 20 C
B34: Attendre que la température soit stabilisée à la consigne
B35: Attendre au moins 5 minutes de plus
B36: Mettre la consigne à 23 C
B37: Attendre que la température soit stabilisée à la consigne
B38: Attendre au moins 5 minutes de plus
... B48: On obtient ainsi sdt30, std23 et std20, (voir onglet "Reponse échelon") qui sont repris à l'onglet "sommaire"
A50: Réponse à perturbation
B51: Démarrer l'asservissement avec une consigne à la température pièce (entre 23 et 25)
B52: Attendre que la consigne soit atteinte
B53: Mettre la consigne à 27 C
B54: Attendre que la température soit stabilisée à la consigne
B55: Attendre au moins 5 minutes de plus
B56: Appliquer la pertubation
B57: Attendre que la température soit stabilisée
B58: Attendre au moins 5 minutes de plus
B60: Sauvegarder les données et remplir l'onglet "Réponse perturbation'
B62: La température T3 moyennée est calculée comme une moyenne glissante sur 20 secondes de T3
B64: Calculer le maximum en valeur absolue de ( consigne - T3 moyen) sur chaque période de 3 minutes centrée sur chaque plage pendant laquelle la température est stable
B65: On obtient ainsi ecart27, ecart_pertu (voir onglet "Reponse perturbation") qui sont repris à l'onglet "sommaire"
... B68: On obtient ainsi sdt27, std_pertu
A70: Robustesse
B71: Le prototype est fonctionnel, prêt à être asservi
B72: Le prof / l’assistant laisse tomber le proto de 5 cm
B73: L’asservissement est démarré avec une consigne de 28 degrés C
B74: Le prof / l’assistant note les manips requises sur 4 niveaux
C75: Tout marche comme si rien n’était arrivé / Manips mineures / Manips majeures / Non fonctionnel
B76: Pendant que le système chauffe, l’assistant cogne sur la table à poing fermé à 10 cm du prototype
B77: On laisse asservir et on laisse fonctionner au moins 5 minutes après stabilisation.
B79: Sauvegarder les données et remplir l'onglet "Robustesse"
B81: La température T3 moyennée est calculée comme une moyenne glissante sur 20 secondes de T3
B83: Calculer le maximum en valeur absolue de ( consigne - T3 moyen) sur chaque période de 3 minutes centrée sur chaque plage pendant laquelle la température est stable
B84: On obtient ainsi ecart28_robu (voir onglet "Robustesse") qui est repris à l'onglet "sommaire"
B86: Calculer l'écart-type de T3 moyen sur chaque période de 3 minutes centrée sur chaque plage pendant laquelle la température est stable
B87: On obtient ainsi sdt28_robu

Sheet Réponse échelon
A1: Temps | B1: (Consigne) | C1: U | D1: T1 | E1: T2 | F1: T3 | G1: T3 estimé | H1: (Erreur) | I1: (Stabilité) | J1: T3 moyen
A2: 359.5 | B2: 25 | C2: 132 | D2: 25.18 | E2: 25.26 | F2: 24.91 | G2: 25.1 | H2: -0.1 | I2: 1
A3: =A2+0.5 -> 360 | B3: 25 | C3: 132 | D3: 25.24 | E3: 25.32 | F3: 24.97 | G3: 25.1 | H3: -0.1 | I3: 1
A4: =A3+0.5 -> 360.5 | B4: 25 | C4: 132 | D4: 25.26 | E4: 25.34 | F4: 24.99 | G4: 25.1 | H4: -0.1 | I4: 1 | M4: ecart30 | N4: {=MAX(ABS(J541:J901-30))} -> 0.23 | P4: vous devez chosir la plage qui correspond aux 3 minutes centraux pendant laquelle la température est stabilités à 30C
A5: =A4+0.5 -> 361 | B5: 25 | C5: 132 | D5: 25.18 | E5: 25.24 | F5: 24.89 | G5: 25.1 | H5: -0.1 | I5: 1 | M5: ecart23 | N5: {=MAX(ABS(J3011:J3334-23))} -> 0.05 | P5: vous devez chosir la plage qui correspond aux 3 minutes centraux pendant laquelle la température est stabilités à 23C
A6: =A5+0.5 -> 361.5 | B6: 25 | C6: 132 | D6: 25.26 | E6: 25.37 | F6: 24.99 | G6: 25.1 | H6: -0.1 | I6: 1 | M6: ecart20 | N6: {=MAX(ABS(J2075:J2435-20))} -> 0.1 | P6: vous devez chosir la plage qui correspond aux 3 minutes centraux pendant laquelle la température est stabilités à 20C
A7: =A6+0.5 -> 362 | B7: 25 | C7: 132 | D7: 25.18 | E7: 25.28 | F7: 24.91 | G7: 25.1 | H7: -0.1 | I7: 1
A8: =A7+0.5 -> 362.5 | B8: 25 | C8: 132 | D8: 25.26 | E8: 25.37 | F8: 24.99 | G8: 25.1 | H8: -0.1 | I8: 1 | M8: std30 | N8: =STDEV(J541:J901) -> 0.028195744 | P8: vous devez chosir la plage qui correspond aux 3 minutes centraux pendant laquelle la température est stabilités à 30C
A9: =A8+0.5 -> 363 | B9: 25 | C9: 132 | D9: 25.24 | E9: 25.34 | F9: 24.99 | G9: 25.1 | H9: -0.1 | I9: 1 | M9: std23 | N9: =STDEV(J3011:J3334) -> 0.022275714 | P9: vous devez chosir la plage qui correspond aux 3 minutes centraux pendant laquelle la température est stabilités à 23C
A10: =A9+0.5 -> 363.5 | B10: 25 | C10: 132 | D10: 25.18 | E10: 25.26 | F10: 24.91 | G10: 25.1 | H10: -0.1 | I10: 1 | M10: std20 | N10: =STDEV(J2075:J2435) -> 0.039363374 | P10: vous devez chosir la plage qui correspond aux 3 minutes centraux pendant laquelle la température est stabilités à 20C
A11: =A10+0.5 -> 364 | B11: 25 | C11: 132 | D11: 25.22 | E11: 25.34 | F11: 24.99 | G11: 25.1 | H11: -0.1 | I11: 1
A12: =A11+0.5 -> 364.5 | B12: 25 | C12: 132 | D12: 25.22 | E12: 25.3 | F12: 24.93 | G12: 25.1 | H12: -0.1 | I12: 1
A13: =A12+0.5 -> 365 | B13: 25 | C13: 132 | D13: 25.24 | E13: 25.34 | F13: 24.99 | G13: 25.1 | H13: -0.1 | I13: 1
A14: =A13+0.5 -> 365.5 | B14: 25 | C14: 132 | D14: 25.22 | E14: 25.32 | F14: 24.97 | G14: 25.1 | H14: -0.1 | I14: 1 | M14: Temp min | N14: =MIN(J2075:J2435) -> 19.94 | P14: vous devez chosir la plage qui correspond aux 3 minutes centraux pendant laquelle la température est stabilités à 20C
A15: =A14+0.5 -> 366 | B15: 25 | C15: 132 | D15: 25.12 | E15: 25.28 | F15: 24.91 | G15: 25.1 | H15: -0.1 | I15: 1 | M15: Temp max | N15: =MAX(J541:J901) -> 29.87 | P15: vous devez chosir la plage qui correspond aux 3 minutes centraux pendant laquelle la température est stabilités à 30C
A16: =A15+0.5 -> 366.5 | B16: 25 | C16: 132 | D16: 25.24 | E16: 25.3 | F16: 24.93 | G16: 25.1 | H16: -0.1 | I16: 1
A17: =A16+0.5 -> 367 | B17: 25 | C17: 132 | D17: 25.24 | E17: 25.37 | F17: 25.01 | G17: 25.1 | H17: -0.1 | I17: 1
A18: =A17+0.5 -> 367.5 | B18: 25 | C18: 132 | D18: 25.18 | E18: 25.28 | F18: 24.93 | G18: 25.1 | H18: -0.1 | I18: 1
A19: =A18+0.5 -> 368 | B19: 25 | C19: 132 | D19: 25.22 | E19: 25.3 | F19: 24.93 | G19: 25.1 | H19: -0.1 | I19: 1 | M19: Temps de réponse selon voyant (s)
A20: =A19+0.5 -> 368.5 | B20: 25 | C20: 132 | D20: 25.18 | E20: 25.28 | F20: 24.93 | G20: 25.1 | H20: -0.1 | I20: 1
A21: =A20+0.5 -> 369 | B21: 25 | C21: 132 | D21: 25.22 | E21: 25.32 | F21: 24.97 | G21: 25.1 | H21: -0.1 | I21: 1 | M21: AMB_30 | N21: =A421-A33 -> 194
A22: =A21+0.5 -> 369.5 | B22: 25 | C22: 132 | D22: 25.18 | E22: 25.28 | F22: 24.91 | G22: 25.1 | H22: -0.1 | I22: 1 | J22: =ROUND(AVERAGE(F2:F42),2) -> 25.01 | M22: 30_20 | N22: =A1955-A1087 -> 434
A23: =A22+0.5 -> 370 | B23: 25 | C23: 132 | D23: 25.18 | E23: 25.28 | F23: 24.93 | G23: 25.1 | H23: -0.1 | I23: 1 | J23: =ROUND(AVERAGE(F3:F43),2) -> 25.03 | M23: 20_23 | N23: =A2891-A2620 -> 135.5
A24: =A23+0.5 -> 370.5 | B24: 25 | C24: 132 | D24: 25.24 | E24: 25.34 | F24: 24.99 | G24: 25.1 | H24: -0.1 | I24: 1 | J24: =ROUND(AVERAGE(F4:F44),2) -> 25.03
A25: =A24+0.5 -> 371 | B25: 25 | C25: 132 | D25: 25.24 | E25: 25.34 | F25: 24.99 | G25: 25.1 | H25: -0.1 | I25: 1 | J25: =ROUND(AVERAGE(F5:F45),2) -> 25.04
A26: =A25+0.5 -> 371.5 | B26: 25 | C26: 132 | D26: 25.22 | E26: 25.32 | F26: 24.99 | G26: 25.1 | H26: -0.1 | I26: 1 | J26: =ROUND(AVERAGE(F6:F46),2) -> 25.05
A27: =A26+0.5 -> 372 | B27: 25 | C27: 132 | D27: 25.2 | E27: 25.34 | F27: 24.97 | G27: 25.1 | H27: -0.1 | I27: 1 | J27: =ROUND(AVERAGE(F7:F47),2) -> 25.06
A28: =A27+0.5 -> 372.5 | B28: 25 | C28: 132 | D28: 25.16 | E28: 25.26 | F28: 24.91 | G28: 25.1 | H28: -0.1 | I28: 1 | J28: =ROUND(AVERAGE(F8:F48),2) -> 25.08
A29: =A28+0.5 -> 373 | B29: 25 | C29: 132 | D29: 25.22 | E29: 25.34 | F29: 24.99 | G29: 25.1 | H29: -0.1 | I29: 1 | J29: =ROUND(AVERAGE(F9:F49),2) -> 25.08
A30: =A29+0.5 -> 373.5 | B30: 25 | C30: 132 | D30: 25.22 | E30: 25.34 | F30: 24.99 | G30: 25.1 | H30: -0.1 | I30: 1 | J30: =ROUND(AVERAGE(F10:F50),2) -> 25.09
A31: =A30+0.5 -> 374 | B31: 25 | C31: 132 | D31: 25.16 | E31: 25.28 | F31: 24.91 | G31: 25.1 | H31: -0.1 | I31: 1 | J31: =ROUND(AVERAGE(F11:F51),2) -> 25.11
A32: =A31+0.5 -> 374.5 | B32: 25 | C32: 132 | D32: 25.24 | E32: 25.34 | F32: 24.99 | G32: 25.1 | H32: -0.1 | I32: 1 | J32: =ROUND(AVERAGE(F12:F52),2) -> 25.11
A33: =A32+0.5 -> 375 | B33: 30 | C33: 132 | D33: 25.18 | E33: 25.28 | F33: 24.93 | G33: 25.1 | H33: -0.1 | I33: 1 | J33: =ROUND(AVERAGE(F13:F53),2) -> 25.13 | K33: Changement consigne | L33: T
A34: =A33+0.5 -> 375.5 | B34: 30 | C34: 132 | D34: 25.24 | E34: 25.34 | F34: 24.99 | G34: 25.1 | H34: -0.1 | I34: 0 | J34: =ROUND(AVERAGE(F14:F54),2) -> 25.14 | M34: Vous devez vous assurer que T3 moyenné est calculé correctement comme une moyenne glissante sur 20 secondes
A35: =A34+0.5 -> 376 | B35: 30 | C35: 132 | D35: 25.22 | E35: 25.34 | F35: 24.99 | G35: 25.1 | H35: -0.1 | I35: 0 | J35: =ROUND(AVERAGE(F15:F55),2) -> 25.15
A36: =A35+0.5 -> 376.5 | B36: 30 | C36: 229 | D36: 25.18 | E36: 25.26 | F36: 24.95 | G36: 25.1 | H36: 4.9 | I36: 0 | J36: =ROUND(AVERAGE(F16:F56),2) -> 25.16
A37: =A36+0.5 -> 377 | B37: 30 | C37: 229 | D37: 25.57 | E37: 25.64 | F37: 25.34 | G37: 25.1 | H37: 4.9 | I37: 0 | J37: =ROUND(AVERAGE(F17:F57),2) -> 25.17 | K37: Transitoire | M37: Les données fournies en exemple ne sont pas représentatives du test que vous allez faire !
A38: =A37+0.5 -> 377.5 | B38: 30 | C38: 229 | D38: 25.68 | E38: 25.74 | F38: 25.39 | G38: 25.11 | H38: 4.9 | I38: 0 | J38: =ROUND(AVERAGE(F18:F58),2) -> 25.18
A39: =A38+0.5 -> 378 | B39: 30 | C39: 229 | D39: 25.7 | E39: 25.66 | F39: 25.32 | G39: 25.11 | H39: 4.9 | I39: 0 | J39: =ROUND(AVERAGE(F19:F59),2) -> 25.19 | M39: Elle ne sont présentes que pour donner une idée de ce qui est attendu
A40: =A39+0.5 -> 378.5 | B40: 30 | C40: 230 | D40: 25.89 | E40: 25.72 | F40: 25.37 | G40: 25.12 | H40: 4.89 | I40: 0 | J40: =ROUND(AVERAGE(F20:F60),2) -> 25.2
A41: =A40+0.5 -> 379 | B41: 30 | C41: 230 | D41: 26.14 | E41: 25.62 | F41: 25.26 | G41: 25.13 | H41: 4.89 | I41: 0 | J41: =ROUND(AVERAGE(F21:F61),2) -> 25.21
A42: =A41+0.5 -> 379.5 | B42: 30 | C42: 230 | D42: 26.49 | E42: 25.72 | F42: 25.39 | G42: 25.13 | H42: 4.89 | I42: 0 | J42: =ROUND(AVERAGE(F22:F62),2) -> 25.22 | M42: Prenez soin d'indiquer avec un code de couleur, comme dans cet exemple quelles plages sont utilisées pour les calculs
A43: =A42+0.5 -> 380 | B43: 30 | C43: 230 | D43: 26.81 | E43: 25.74 | F43: 25.41 | G43: 25.14 | H43: 4.89 | I43: 0 | J43: =ROUND(AVERAGE(F23:F63),2) -> 25.23
A44: =A43+0.5 -> 380.5 | B44: 30 | C44: 231 | D44: 27.02 | E44: 25.66 | F44: 25.32 | G44: 25.15 | H44: 4.86 | I44: 0 | J44: =ROUND(AVERAGE(F24:F64),2) -> 25.25
A45: =A44+0.5 -> 381 | B45: 30 | C45: 231 | D45: 27.38 | E45: 25.72 | F45: 25.39 | G45: 25.16 | H45: 4.86 | I45: 0 | J45: =ROUND(AVERAGE(F25:F65),2) -> 25.26
A46: =A45+0.5 -> 381.5 | B46: 30 | C46: 231 | D46: 27.63 | E46: 25.68 | F46: 25.28 | G46: 25.16 | H46: 4.86 | I46: 0 | J46: =ROUND(AVERAGE(F26:F66),2) -> 25.27
A47: =A46+0.5 -> 382 | B47: 30 | C47: 231 | D47: 27.93 | E47: 25.76 | F47: 25.41 | G47: 25.17 | H47: 4.86 | I47: 0 | J47: =ROUND(AVERAGE(F27:F67),2) -> 25.28
A48: =A47+0.5 -> 382.5 | B48: 30 | C48: 231 | D48: 28.2 | E48: 25.78 | F48: 25.41 | G48: 25.18 | H48: 4.83 | I48: 0 | J48: =ROUND(AVERAGE(F28:F68),2) -> 25.29
A49: =A48+0.5 -> 383 | B49: 30 | C49: 231 | D49: 28.4 | E49: 25.74 | F49: 25.32 | G49: 25.19 | H49: 4.83 | I49: 0 | J49: =ROUND(AVERAGE(F29:F69),2) -> 25.3
A50: =A49+0.5 -> 383.5 | B50: 30 | C50: 231 | D50: 28.67 | E50: 25.78 | F50: 25.37 | G50: 25.2 | H50: 4.83 | I50: 0 | J50: =ROUND(AVERAGE(F30:F70),2) -> 25.31
A51: =A50+0.5 -> 384 | B51: 30 | C51: 231 | D51: 28.91 | E51: 25.85 | F51: 25.41 | G51: 25.2 | H51: 4.83 | I51: 0 | J51: =ROUND(AVERAGE(F31:F71),2) -> 25.33
A52: =A51+0.5 -> 384.5 | B52: 30 | C52: 232 | D52: 29.08 | E52: 25.78 | F52: 25.39 | G52: 25.21 | H52: 4.8 | I52: 0 | J52: =ROUND(AVERAGE(F32:F72),2) -> 25.34
A53: =A52+0.5 -> 385 | B53: 30 | C53: 232 | D53: 29.25 | E53: 25.85 | F53: 25.43 | G53: 25.22 | H53: 4.8 | I53: 0 | J53: =ROUND(AVERAGE(F33:F73),2) -> 25.35
A54: =A53+0.5 -> 385.5 | B54: 30 | C54: 232 | D54: 29.51 | E54: 25.87 | F54: 25.34 | G54: 25.23 | H54: 4.8 | I54: 0 | J54: =ROUND(AVERAGE(F34:F74),2) -> 25.37
A55: =A54+0.5 -> 386 | B55: 30 | C55: 232 | D55: 29.72 | E55: 25.93 | F55: 25.41 | G55: 25.24 | H55: 4.8 | I55: 0 | J55: =ROUND(AVERAGE(F35:F75),2) -> 25.38 | K55: Transitoire
A56: =A55+0.5 -> 386.5 | B56: 30 | C56: 233 | D56: 29.9 | E56: 25.99 | F56: 25.43 | G56: 25.26 | H56: 4.76 | I56: 0 | J56: =ROUND(AVERAGE(F36:F76),2) -> 25.4
A57: =A56+0.5 -> 387 | B57: 30 | C57: 233 | D57: 30.05 | E57: 25.97 | F57: 25.34 | G57: 25.27 | H57: 4.76 | I57: 0 | J57: =ROUND(AVERAGE(F37:F77),2) -> 25.41
A58: =A57+0.5 -> 387.5 | B58: 30 | C58: 233 | D58: 30.24 | E58: 26.03 | F58: 25.41 | G58: 25.28 | H58: 4.76 | I58: 0 | J58: =ROUND(AVERAGE(F38:F78),2) -> 25.42
A59: =A58+0.5 -> 388 | B59: 30 | C59: 233 | D59: 30.37 | E59: 26.01 | F59: 25.32 | G59: 25.3 | H59: 4.76 | I59: 0 | J59: =ROUND(AVERAGE(F39:F79),2) -> 25.42
A60: =A59+0.5 -> 388.5 | B60: 30 | C60: 233 | D60: 30.57 | E60: 26.12 | F60: 25.41 | G60: 25.31 | H60: 4.7 | I60: 0 | J60: =ROUND(AVERAGE(F40:F80),2) -> 25.43
A61: =A60+0.5 -> 389 | B61: 30 | C61: 233 | D61: 30.7 | E61: 26.14 | F61: 25.43 | G61: 25.33 | H61: 4.7 | I61: 0 | J61: =ROUND(AVERAGE(F41:F81),2) -> 25.43
A62: =A61+0.5 -> 389.5 | B62: 30 | C62: 233 | D62: 30.87 | E62: 26.16 | F62: 25.37 | G62: 25.35 | H62: 4.7 | I62: 0 | J62: =ROUND(AVERAGE(F42:F82),2) -> 25.44
A63: =A62+0.5 -> 390 | B63: 30 | C63: 233 | D63: 31.01 | E63: 26.24 | F63: 25.43 | G63: 25.36 | H63: 4.7 | I63: 0 | J63: =ROUND(AVERAGE(F43:F83),2) -> 25.45
A64: =A63+0.5 -> 390.5 | B64: 30 | C64: 233 | D64: 31.16 | E64: 26.26 | F64: 25.39 | G64: 25.38 | H64: 4.64 | I64: 0 | J64: =ROUND(AVERAGE(F44:F84),2) -> 25.46
A65: =A64+0.5 -> 391 | B65: 30 | C65: 233 | D65: 31.29 | E65: 26.28 | F65: 25.39 | G65: 25.4 | H65: 4.64 | I65: 0 | J65: =ROUND(AVERAGE(F45:F85),2) -> 25.47
A66: =A65+0.5 -> 391.5 | B66: 30 | C66: 233 | D66: 31.44 | E66: 26.37 | F66: 25.41 | G66: 25.42 | H66: 4.64 | I66: 0 | J66: =ROUND(AVERAGE(F46:F86),2) -> 25.47
A67: =A66+0.5 -> 392 | B67: 30 | C67: 233 | D67: 31.58 | E67: 26.39 | F67: 25.41 | G67: 25.44 | H67: 4.64 | I67: 0 | J67: =ROUND(AVERAGE(F47:F87),2) -> 25.49
... A72: =A71+0.5 -> 394.5 | B72: 30 | C72: 233 | D72: 32.22 | E72: 26.68 | F72: 25.51 | G72: 25.56 | H72: 4.46 | I72: 0 | J72: =ROUND(AVERAGE(F52:F92),2) -> 25.54
A73: =A72+0.5 -> 395 | B73: 30 | C73: 233 | D73: 32.35 | E73: 26.75 | F73: 25.51 | G73: 25.59 | H73: 4.46 | I73: 0 | J73: =ROUND(AVERAGE(F53:F93),2) -> 25.56 | K73: Transitoire
A74: =A73+0.5 -> 395.5 | B74: 30 | C74: 233 | D74: 32.48 | E74: 26.81 | F74: 25.55 | G74: 25.62 | H74: 4.46 | I74: 0 | J74: =ROUND(AVERAGE(F54:F94),2) -> 25.57
A75: =A74+0.5 -> 396 | B75: 30 | C75: 233 | D75: 32.57 | E75: 26.81 | F75: 25.51 | G75: 25.65 | H75: 4.46 | I75: 0 | J75: =ROUND(AVERAGE(F55:F95),2) -> 25.58
A76: =A75+0.5 -> 396.5 | B76: 30 | C76: 232 | D76: 32.71 | E76: 26.94 | F76: 25.59 | G76: 25.67 | H76: 4.35 | I76: 0 | J76: =ROUND(AVERAGE(F56:F96),2) -> 25.6
A77: =A76+0.5 -> 397 | B77: 30 | C77: 232 | D77: 32.82 | E77: 27 | F77: 25.62 | G77: 25.71 | H77: 4.35 | I77: 0 | J77: =ROUND(AVERAGE(F57:F97),2) -> 25.61
A78: =A77+0.5 -> 397.5 | B78: 30 | C78: 232 | D78: 32.93 | E78: 26.98 | F78: 25.53 | G78: 25.74 | H78: 4.35 | I78: 0 | J78: =ROUND(AVERAGE(F58:F98),2) -> 25.63
A79: =A78+0.5 -> 398 | B79: 30 | C79: 232 | D79: 33.04 | E79: 27.06 | F79: 25.59 | G79: 25.77 | H79: 4.35 | I79: 0 | J79: =ROUND(AVERAGE(F59:F99),2) -> 25.65
A80: =A79+0.5 -> 398.5 | B80: 30 | C80: 231 | D80: 33.09 | E80: 27.02 | F80: 25.51 | G80: 25.8 | H80: 4.23 | I80: 0 | J80: =ROUND(AVERAGE(F60:F100),2) -> 25.67
A81: =A80+0.5 -> 399 | B81: 30 | C81: 231 | D81: 33.27 | E81: 27.21 | F81: 25.64 | G81: 25.83 | H81: 4.23 | I81: 0 | J81: =ROUND(AVERAGE(F61:F101),2) -> 25.69
A82: =A81+0.5 -> 399.5 | B82: 30 | C82: 231 | D82: 33.33 | E82: 27.25 | F82: 25.66 | G82: 25.86 | H82: 4.23 | I82: 0 | J82: =ROUND(AVERAGE(F62:F102),2) -> 25.71
A83: =A82+0.5 -> 400 | B83: 30 | C83: 231 | D83: 33.42 | E83: 27.25 | F83: 25.64 | G83: 25.9 | H83: 4.23 | I83: 0 | J83: =ROUND(AVERAGE(F63:F103),2) -> 25.73 | K83: Transitoire
A84: =A83+0.5 -> 400.5 | B84: 30 | C84: 230 | D84: 33.56 | E84: 27.36 | F84: 25.74 | G84: 25.93 | H84: 4.1 | I84: 0 | J84: =ROUND(AVERAGE(F64:F104),2) -> 25.75
A85: =A84+0.5 -> 401 | B85: 30 | C85: 230 | D85: 33.6 | E85: 27.4 | F85: 25.72 | G85: 25.97 | H85: 4.1 | I85: 0 | J85: =ROUND(AVERAGE(F65:F105),2) -> 25.77
A86: =A85+0.5 -> 401.5 | B86: 30 | C86: 230 | D86: 33.69 | E86: 27.42 | F86: 25.74 | G86: 26.01 | H86: 4.1 | I86: 0 | J86: =ROUND(AVERAGE(F66:F106),2) -> 25.79
A87: =A86+0.5 -> 402 | B87: 30 | C87: 230 | D87: 33.74 | E87: 27.46 | F87: 25.8 | G87: 26.04 | H87: 4.1 | I87: 0 | J87: =ROUND(AVERAGE(F67:F107),2) -> 25.82
A88: =A87+0.5 -> 402.5 | B88: 30 | C88: 228 | D88: 33.81 | E88: 27.53 | F88: 25.74 | G88: 26.08 | H88: 3.96 | I88: 0 | J88: =ROUND(AVERAGE(F68:F108),2) -> 25.84
A89: =A88+0.5 -> 403 | B89: 30 | C89: 228 | D89: 33.94 | E89: 27.67 | F89: 25.87 | G89: 26.12 | H89: 3.96 | I89: 0 | J89: =ROUND(AVERAGE(F69:F109),2) -> 25.87
A90: =A89+0.5 -> 403.5 | B90: 30 | C90: 228 | D90: 33.94 | E90: 27.63 | F90: 25.8 | G90: 26.16 | H90: 3.96 | I90: 0 | J90: =ROUND(AVERAGE(F70:F110),2) -> 25.89
A91: =A90+0.5 -> 404 | B91: 30 | C91: 228 | D91: 34.08 | E91: 27.72 | F91: 25.85 | G91: 26.19 | H91: 3.96 | I91: 0 | J91: =ROUND(AVERAGE(F71:F111),2) -> 25.92
A92: =A91+0.5 -> 404.5 | B92: 30 | C92: 226 | D92: 34.15 | E92: 27.8 | F92: 25.93 | G92: 26.23 | H92: 3.81 | I92: 0 | J92: =ROUND(AVERAGE(F72:F112),2) -> 25.95
A93: =A92+0.5 -> 405 | B93: 30 | C93: 226 | D93: 34.24 | E93: 27.84 | F93: 25.91 | G93: 26.27 | H93: 3.81 | I93: 0 | J93: =ROUND(AVERAGE(F73:F113),2) -> 25.97
A94: =A93+0.5 -> 405.5 | B94: 30 | C94: 226 | D94: 34.31 | E94: 27.91 | F94: 25.95 | G94: 26.31 | H94: 3.81 | I94: 0 | J94: =ROUND(AVERAGE(F74:F114),2) -> 26
A95: =A94+0.5 -> 406 | B95: 30 | C95: 226 | D95: 34.35 | E95: 27.97 | F95: 26.01 | G95: 26.35 | H95: 3.81 | I95: 0 | J95: =ROUND(AVERAGE(F75:F115),2) -> 26.03
... A100: =A99+0.5 -> 408.5 | B100: 30 | C100: 222 | D100: 34.67 | E100: 28.29 | F100: 26.18 | G100: 26.57 | H100: 3.48 | I100: 0 | J100: =ROUND(AVERAGE(F80:F120),2) -> 26.18
A101: =A100+0.5 -> 409 | B101: 30 | C101: 222 | D101: 34.69 | E101: 28.25 | F101: 26.12 | G101: 26.61 | H101: 3.48 | I101: 0 | J101: =ROUND(AVERAGE(F81:F121),2) -> 26.21 | K101: Transitoire
A102: =A101+0.5 -> 409.5 | B102: 30 | C102: 222 | D102: 34.74 | E102: 28.35 | F102: 26.2 | G102: 26.65 | H102: 3.48 | I102: 0 | J102: =ROUND(AVERAGE(F82:F122),2) -> 26.25
A103: =A102+0.5 -> 410 | B103: 30 | C103: 222 | D103: 34.81 | E103: 28.44 | F103: 26.28 | G103: 26.7 | H103: 3.48 | I103: 0 | J103: =ROUND(AVERAGE(F83:F123),2) -> 26.28
A104: =A103+0.5 -> 410.5 | B104: 30 | C104: 220 | D104: 34.81 | E104: 28.42 | F104: 26.2 | G104: 26.74 | H104: 3.3 | I104: 0 | J104: =ROUND(AVERAGE(F84:F124),2) -> 26.31
A105: =A104+0.5 -> 411 | B105: 30 | C105: 220 | D105: 34.92 | E105: 28.55 | F105: 26.35 | G105: 26.79 | H105: 3.3 | I105: 0 | J105: =ROUND(AVERAGE(F85:F125),2) -> 26.34
A106: =A105+0.5 -> 411.5 | B106: 30 | C106: 220 | D106: 34.95 | E106: 28.57 | F106: 26.35 | G106: 26.83 | H106: 3.3 | I106: 0 | J106: =ROUND(AVERAGE(F86:F126),2) -> 26.38
A107: =A106+0.5 -> 412 | B107: 30 | C107: 220 | D107: 34.95 | E107: 28.65 | F107: 26.41 | G107: 26.88 | H107: 3.3 | I107: 0 | J107: =ROUND(AVERAGE(F87:F127),2) -> 26.41
A108: =A107+0.5 -> 412.5 | B108: 30 | C108: 218 | D108: 35.04 | E108: 28.72 | F108: 26.47 | G108: 26.92 | H108: 3.12 | I108: 0 | J108: =ROUND(AVERAGE(F88:F128),2) -> 26.45
...

Sheet Réponse perturbation
A1: Temps | B1: (Consigne) | C1: U | D1: T1 | E1: T2 | F1: T3 | G1: T3 estimé | H1: (Erreur) | I1: (Stabilité) | J1: T3 moyen
A2: 39 | B2: 24 | C2: 127 | D2: 22.95 | E2: 23.15 | F2: 22.99 | G2: 23.31 | H2: 0 | I2: 0
A3: =A2+0.5 -> 39.5 | B3: 24 | C3: 127 | D3: 22.99 | E3: 23.25 | F3: 23.05 | G3: 23.31 | H3: 0 | I3: 0
A4: =A3+0.5 -> 40 | B4: 24 | C4: 127 | D4: 23.05 | E4: 23.23 | F4: 23.05 | G4: 23.31 | H4: 0 | I4: 0 | L4: ecart27 | M4: {=MAX(ABS(J734:J1094-27))} -> 0.1 | O4: vous devez chosir la plage qui correspond aux 3 minutes centraux pendant laquelle la température est stabilités à 30C
A5: =A4+0.5 -> 40.5 | B5: 24 | C5: 127 | D5: 22.97 | E5: 23.15 | F5: 22.99 | G5: 23.31 | H5: 0 | I5: 0 | L5: ecart_pertu | M5: {=MAX(ABS(J1847:J2207-27))} -> 0.37 | O5: vous devez chosir la plage qui correspond aux 3 minutes centraux pendant laquelle la température est stabilités à 23C
A6: =A5+0.5 -> 41 | B6: 24 | C6: 127 | D6: 23.07 | E6: 23.23 | F6: 23.03 | G6: 23.31 | H6: 0 | I6: 0
A7: =A6+0.5 -> 41.5 | B7: 24 | C7: 127 | D7: 22.97 | E7: 23.15 | F7: 22.95 | G7: 23.31 | H7: 0 | I7: 0
A8: =A7+0.5 -> 42 | B8: 24 | C8: 127 | D8: 23.05 | E8: 23.27 | F8: 23.03 | G8: 23.3 | H8: 0 | I8: 0 | L8: std27 | M8: =STDEV(J734:J1094) -> 0.024003757 | O8: vous devez chosir la plage qui correspond aux 3 minutes centraux pendant laquelle la température est stabilités à 30C
A9: =A8+0.5 -> 42.5 | B9: 24 | C9: 127 | D9: 23.07 | E9: 23.25 | F9: 23.03 | G9: 23.3 | H9: 0 | I9: 0 | L9: std_pertu | M9: =STDEV(J1847:J2207) -> 0.076767718 | O9: vous devez chosir la plage qui correspond aux 3 minutes centraux pendant laquelle la température est stabilités à 23C
A10: =A9+0.5 -> 43 | B10: 24 | C10: 127 | D10: 22.97 | E10: 23.15 | F10: 22.95 | G10: 23.31 | H10: 0 | I10: 0
A11: =A10+0.5 -> 43.5 | B11: 24 | C11: 127 | D11: 23.05 | E11: 23.23 | F11: 23.03 | G11: 23.3 | H11: 0 | I11: 0
A12: =A11+0.5 -> 44 | B12: 24 | C12: 127 | D12: 23.03 | E12: 23.21 | F12: 23.01 | G12: 23.3 | H12: 0 | I12: 0 | L12: Temps de réponse selon voyant (s)
A13: =A12+0.5 -> 44.5 | B13: 24 | C13: 127 | D13: 23.11 | E13: 23.3 | F13: 23.09 | G13: 23.3 | H13: 0 | I13: 0
A14: =A13+0.5 -> 45 | B14: 24 | C14: 127 | D14: 23.09 | E14: 23.3 | F14: 23.07 | G14: 23.3 | H14: 0 | I14: 0 | L14: AMB_27 | M14: =A614-A390 -> 112
A15: =A14+0.5 -> 45.5 | B15: 24 | C15: 127 | D15: 22.99 | E15: 23.17 | F15: 22.97 | G15: 23.31 | H15: 0 | I15: 0 | L15: 27_perturb | M15: =A1727-A1274 -> 226.5
A16: =A15+0.5 -> 46 | B16: 24 | C16: 127 | D16: 23.13 | E16: 23.32 | F16: 23.09 | G16: 23.3 | H16: 0 | I16: 0
A17: =A16+0.5 -> 46.5 | B17: 24 | C17: 127 | D17: 23.13 | E17: 23.32 | F17: 23.11 | G17: 23.31 | H17: 0 | I17: 0
A18: =A17+0.5 -> 47 | B18: 24 | C18: 127 | D18: 23.13 | E18: 23.34 | F18: 23.11 | G18: 23.31 | H18: 0 | I18: 0
A19: =A18+0.5 -> 47.5 | B19: 24 | C19: 127 | D19: 23.13 | E19: 23.34 | F19: 23.11 | G19: 23.31 | H19: 0 | I19: 0
A20: =A19+0.5 -> 48 | B20: 24 | C20: 127 | D20: 23.07 | E20: 23.25 | F20: 23.03 | G20: 23.31 | H20: 0 | I20: 0
A21: =A20+0.5 -> 48.5 | B21: 24 | C21: 127 | D21: 23.13 | E21: 23.32 | F21: 23.09 | G21: 23.31 | H21: 0 | I21: 0
A22: =A21+0.5 -> 49 | B22: 24 | C22: 127 | D22: 23.15 | E22: 23.32 | F22: 23.09 | G22: 23.31 | H22: 0 | I22: 0 | J22: =ROUND(AVERAGE(F2:F42),2) -> 23.07
A23: =A22+0.5 -> 49.5 | B23: 24 | C23: 127 | D23: 23.07 | E23: 23.23 | F23: 23.03 | G23: 23.32 | H23: 0 | I23: 0 | J23: =ROUND(AVERAGE(F3:F43),2) -> 23.08
A24: =A23+0.5 -> 50 | B24: 24 | C24: 127 | D24: 23.13 | E24: 23.38 | F24: 23.13 | G24: 23.32 | H24: 0 | I24: 0 | J24: =ROUND(AVERAGE(F4:F44),2) -> 23.08
A25: =A24+0.5 -> 50.5 | B25: 24 | C25: 127 | D25: 23.13 | E25: 23.27 | F25: 23.05 | G25: 23.32 | H25: 0 | I25: 0 | J25: =ROUND(AVERAGE(F5:F45),2) -> 23.09
A26: =A25+0.5 -> 51 | B26: 24 | C26: 127 | D26: 23.19 | E26: 23.36 | F26: 23.13 | G26: 23.32 | H26: 0 | I26: 0 | J26: =ROUND(AVERAGE(F6:F46),2) -> 23.09
A27: =A26+0.5 -> 51.5 | B27: 24 | C27: 127 | D27: 23.19 | E27: 23.36 | F27: 23.13 | G27: 23.32 | H27: 0 | I27: 0 | J27: =ROUND(AVERAGE(F7:F47),2) -> 23.09
A28: =A27+0.5 -> 52 | B28: 24 | C28: 127 | D28: 23.11 | E28: 23.27 | F28: 23.03 | G28: 23.32 | H28: 0 | I28: 0 | J28: =ROUND(AVERAGE(F8:F48),2) -> 23.1
A29: =A28+0.5 -> 52.5 | B29: 24 | C29: 127 | D29: 23.19 | E29: 23.36 | F29: 23.11 | G29: 23.32 | H29: 0 | I29: 0 | J29: =ROUND(AVERAGE(F9:F49),2) -> 23.1
A30: =A29+0.5 -> 53 | B30: 24 | C30: 127 | D30: 23.13 | E30: 23.34 | F30: 23.15 | G30: 23.33 | H30: 0 | I30: 0 | J30: =ROUND(AVERAGE(F10:F50),2) -> 23.1
A31: =A30+0.5 -> 53.5 | B31: 24 | C31: 127 | D31: 23.21 | E31: 23.38 | F31: 23.13 | G31: 23.33 | H31: 0 | I31: 0 | J31: =ROUND(AVERAGE(F11:F51),2) -> 23.11
A32: =A31+0.5 -> 54 | B32: 24 | C32: 127 | D32: 23.19 | E32: 23.36 | F32: 23.13 | G32: 23.33 | H32: 0 | I32: 0 | J32: =ROUND(AVERAGE(F12:F52),2) -> 23.11
A33: =A32+0.5 -> 54.5 | B33: 24 | C33: 127 | D33: 23.13 | E33: 23.3 | F33: 23.03 | G33: 23.33 | H33: 0 | I33: 0 | J33: =ROUND(AVERAGE(F13:F53),2) -> 23.12
A34: =A33+0.5 -> 55 | B34: 24 | C34: 127 | D34: 23.21 | E34: 23.4 | F34: 23.13 | G34: 23.33 | H34: 0 | I34: 0 | J34: =ROUND(AVERAGE(F14:F54),2) -> 23.12 | L34: Vous devez vous assurer que T3 moyenné est calculé correctement comme une moyenne glissante sur 20 secondes
A35: =A34+0.5 -> 55.5 | B35: 24 | C35: 127 | D35: 23.19 | E35: 23.36 | F35: 23.09 | G35: 23.34 | H35: 0 | I35: 0 | J35: =ROUND(AVERAGE(F15:F55),2) -> 23.12
A36: =A35+0.5 -> 56 | B36: 24 | C36: 127 | D36: 23.15 | E36: 23.32 | F36: 23.07 | G36: 23.34 | H36: 0 | I36: 0 | J36: =ROUND(AVERAGE(F16:F56),2) -> 23.13
A37: =A36+0.5 -> 56.5 | B37: 24 | C37: 127 | D37: 23.23 | E37: 23.4 | F37: 23.17 | G37: 23.34 | H37: 0 | I37: 0 | J37: =ROUND(AVERAGE(F17:F57),2) -> 23.13 | L37: Les données fournies en exemple ne sont pas représentatives du test que vous allez faire !
A38: =A37+0.5 -> 57 | B38: 24 | C38: 127 | D38: 23.17 | E38: 23.32 | F38: 23.07 | G38: 23.34 | H38: 0 | I38: 0 | J38: =ROUND(AVERAGE(F18:F58),2) -> 23.14
A39: =A38+0.5 -> 57.5 | B39: 24 | C39: 127 | D39: 23.17 | E39: 23.44 | F39: 23.17 | G39: 23.34 | H39: 0 | I39: 0 | J39: =ROUND(AVERAGE(F19:F59),2) -> 23.14 | L39: Elle ne sont présentes que pour donner une idée de ce qui est attendu
A40: =A39+0.5 -> 58 | B40: 24 | C40: 127 | D40: 23.21 | E40: 23.44 | F40: 23.15 | G40: 23.34 | H40: 0 | I40: 0 | J40: =ROUND(AVERAGE(F20:F60),2) -> 23.14
A41: =A40+0.5 -> 58.5 | B41: 24 | C41: 127 | D41: 23.19 | E41: 23.34 | F41: 23.09 | G41: 23.35 | H41: 0 | I41: 0 | J41: =ROUND(AVERAGE(F21:F61),2) -> 23.15
A42: =A41+0.5 -> 59 | B42: 24 | C42: 127 | D42: 23.25 | E42: 23.44 | F42: 23.19 | G42: 23.35 | H42: 0 | I42: 0 | J42: =ROUND(AVERAGE(F22:F62),2) -> 23.15
A43: =A42+0.5 -> 59.5 | B43: 24 | C43: 127 | D43: 23.25 | E43: 23.44 | F43: 23.19 | G43: 23.35 | H43: 0 | I43: 0 | J43: =ROUND(AVERAGE(F23:F63),2) -> 23.15 | L43: Prenez soin d'indiquer avec un code de couleur, comme dans cet exemple quelles plages sont utilisées pour les calculs
A44: =A43+0.5 -> 60 | B44: 24 | C44: 127 | D44: 23.25 | E44: 23.42 | F44: 23.19 | G44: 23.36 | H44: 0 | I44: 0 | J44: =ROUND(AVERAGE(F24:F64),2) -> 23.16
A45: =A44+0.5 -> 60.5 | B45: 24 | C45: 127 | D45: 23.27 | E45: 23.44 | F45: 23.19 | G45: 23.36 | H45: 0 | I45: 0 | J45: =ROUND(AVERAGE(F25:F65),2) -> 23.16
A46: =A45+0.5 -> 61 | B46: 24 | C46: 127 | D46: 23.21 | E46: 23.38 | F46: 23.11 | G46: 23.36 | H46: 0 | I46: 0 | J46: =ROUND(AVERAGE(F26:F66),2) -> 23.16
A47: =A46+0.5 -> 61.5 | B47: 24 | C47: 127 | D47: 23.25 | E47: 23.42 | F47: 23.21 | G47: 23.36 | H47: 0 | I47: 0 | J47: =ROUND(AVERAGE(F27:F67),2) -> 23.17
A48: =A47+0.5 -> 62 | B48: 24 | C48: 127 | D48: 23.27 | E48: 23.44 | F48: 23.19 | G48: 23.36 | H48: 0 | I48: 0 | J48: =ROUND(AVERAGE(F28:F68),2) -> 23.17
A49: =A48+0.5 -> 62.5 | B49: 24 | C49: 127 | D49: 23.21 | E49: 23.38 | F49: 23.11 | G49: 23.37 | H49: 0 | I49: 0 | J49: =ROUND(AVERAGE(F29:F69),2) -> 23.18
A50: =A49+0.5 -> 63 | B50: 24 | C50: 127 | D50: 23.25 | E50: 23.4 | F50: 23.13 | G50: 23.37 | H50: 0 | I50: 0 | J50: =ROUND(AVERAGE(F30:F70),2) -> 23.19
A51: =A50+0.5 -> 63.5 | B51: 24 | C51: 127 | D51: 23.21 | E51: 23.38 | F51: 23.11 | G51: 23.37 | H51: 0 | I51: 0 | J51: =ROUND(AVERAGE(F31:F71),2) -> 23.2
A52: =A51+0.5 -> 64 | B52: 24 | C52: 127 | D52: 23.32 | E52: 23.46 | F52: 23.21 | G52: 23.37 | H52: 0 | I52: 0 | J52: =ROUND(AVERAGE(F32:F72),2) -> 23.2
A53: =A52+0.5 -> 64.5 | B53: 24 | C53: 127 | D53: 23.34 | E53: 23.48 | F53: 23.21 | G53: 23.38 | H53: 0 | I53: 0 | J53: =ROUND(AVERAGE(F33:F73),2) -> 23.21
A54: =A53+0.5 -> 65 | B54: 24 | C54: 127 | D54: 23.23 | E54: 23.4 | F54: 23.13 | G54: 23.38 | H54: 0 | I54: 0 | J54: =ROUND(AVERAGE(F34:F74),2) -> 23.22
A55: =A54+0.5 -> 65.5 | B55: 24 | C55: 127 | D55: 23.34 | E55: 23.5 | F55: 23.25 | G55: 23.38 | H55: 0 | I55: 0 | J55: =ROUND(AVERAGE(F35:F75),2) -> 23.22
... A389: =A388+0.5 -> 232.5 | B389: 25 | C389: 130 | D389: 25.14 | E389: 25.41 | F389: 25.1 | G389: 25.21 | H389: -0.21 | I389: 1 | J389: =ROUND(AVERAGE(F369:F409),2) -> 25.12
A390: =A389+0.5 -> 233 | B390: 27 | C390: 168 | D390: 25.14 | E390: 25.39 | F390: 25.05 | G390: 25.2 | H390: 1.79 | I390: 1 | J390: =ROUND(AVERAGE(F370:F410),2) -> 25.13 | K390: Changement Consigne | L390: T
A391: =A390+0.5 -> 233.5 | B391: 27 | C391: 168 | D391: 25.26 | E391: 25.51 | F391: 25.22 | G391: 25.2 | H391: 1.79 | I391: 0 | J391: =ROUND(AVERAGE(F371:F411),2) -> 25.13
A392: =A391+0.5 -> 234 | B392: 27 | C392: 168 | D392: 25.22 | E392: 25.45 | F392: 25.14 | G392: 25.2 | H392: 1.79 | I392: 0 | J392: =ROUND(AVERAGE(F372:F412),2) -> 25.13
A393: =A392+0.5 -> 234.5 | B393: 27 | C393: 168 | D393: 25.32 | E393: 25.51 | F393: 25.2 | G393: 25.2 | H393: 1.79 | I393: 0 | J393: =ROUND(AVERAGE(F373:F413),2) -> 25.13
A394: =A393+0.5 -> 235 | B394: 27 | C394: 169 | D394: 25.37 | E394: 25.49 | F394: 25.2 | G394: 25.2 | H394: 1.8 | I394: 0 | J394: =ROUND(AVERAGE(F374:F414),2) -> 25.13
A395: =A394+0.5 -> 235.5 | B395: 27 | C395: 169 | D395: 25.39 | E395: 25.47 | F395: 25.16 | G395: 25.21 | H395: 1.8 | I395: 0 | J395: =ROUND(AVERAGE(F375:F415),2) -> 25.14
A396: =A395+0.5 -> 236 | B396: 27 | C396: 169 | D396: 25.57 | E396: 25.51 | F396: 25.18 | G396: 25.21 | H396: 1.8 | I396: 0 | J396: =ROUND(AVERAGE(F376:F416),2) -> 25.14
A397: =A396+0.5 -> 236.5 | B397: 27 | C397: 169 | D397: 25.62 | E397: 25.45 | F397: 25.14 | G397: 25.21 | H397: 1.8 | I397: 0 | J397: =ROUND(AVERAGE(F377:F417),2) -> 25.14
A398: =A397+0.5 -> 237 | B398: 27 | C398: 169 | D398: 25.8 | E398: 25.53 | F398: 25.22 | G398: 25.21 | H398: 1.79 | I398: 0 | J398: =ROUND(AVERAGE(F378:F418),2) -> 25.14
A399: =A398+0.5 -> 237.5 | B399: 27 | C399: 169 | D399: 25.91 | E399: 25.51 | F399: 25.22 | G399: 25.21 | H399: 1.79 | I399: 0 | J399: =ROUND(AVERAGE(F379:F419),2) -> 25.15
A400: =A399+0.5 -> 238 | B400: 27 | C400: 169 | D400: 25.95 | E400: 25.47 | F400: 25.16 | G400: 25.21 | H400: 1.79 | I400: 0 | J400: =ROUND(AVERAGE(F380:F420),2) -> 25.15
A401: =A400+0.5 -> 238.5 | B401: 27 | C401: 169 | D401: 26.1 | E401: 25.51 | F401: 25.16 | G401: 25.21 | H401: 1.79 | I401: 0 | J401: =ROUND(AVERAGE(F381:F421),2) -> 25.16
A402: =A401+0.5 -> 239 | B402: 27 | C402: 170 | D402: 26.12 | E402: 25.43 | F402: 25.14 | G402: 25.21 | H402: 1.79 | I402: 0 | J402: =ROUND(AVERAGE(F382:F422),2) -> 25.16
... A613: =A612+0.5 -> 344.5 | B613: 27 | C613: 142 | D613: 28.27 | E613: 27.7 | F613: 27.02 | G613: 27.24 | H613: -0.24 | I613: 0 | J613: =ROUND(AVERAGE(F593:F633),2) -> 26.97
A614: =A613+0.5 -> 345 | B614: 27 | C614: 142 | D614: 28.23 | E614: 27.7 | F614: 27.02 | G614: 27.25 | H614: -0.24 | I614: 1 | J614: =ROUND(AVERAGE(F594:F634),2) -> 26.98 | K614: Stabilité Atteinte | L614: S
A615: =A614+0.5 -> 345.5 | B615: 27 | C615: 142 | D615: 28.18 | E615: 27.65 | F615: 26.94 | G615: 27.25 | H615: -0.24 | I615: 1 | J615: =ROUND(AVERAGE(F595:F635),2) -> 26.98
A616: =A615+0.5 -> 346 | B616: 27 | C616: 142 | D616: 28.23 | E616: 27.72 | F616: 27.02 | G616: 27.25 | H616: -0.24 | I616: 1 | J616: =ROUND(AVERAGE(F596:F636),2) -> 26.98
A617: =A616+0.5 -> 346.5 | B617: 27 | C617: 142 | D617: 28.2 | E617: 27.72 | F617: 27.04 | G617: 27.25 | H617: -0.24 | I617: 1 | J617: =ROUND(AVERAGE(F597:F637),2) -> 26.98
A618: =A617+0.5 -> 347 | B618: 27 | C618: 142 | D618: 28.18 | E618: 27.65 | F618: 27 | G618: 27.25 | H618: -0.25 | I618: 1 | J618: =ROUND(AVERAGE(F598:F638),2) -> 26.98
A619: =A618+0.5 -> 347.5 | B619: 27 | C619: 142 | D619: 28.2 | E619: 27.7 | F619: 27.02 | G619: 27.25 | H619: -0.25 | I619: 1 | J619: =ROUND(AVERAGE(F599:F639),2) -> 26.98
A620: =A619+0.5 -> 348 | B620: 27 | C620: 142 | D620: 28.14 | E620: 27.65 | F620: 26.96 | G620: 27.25 | H620: -0.25 | I620: 1 | J620: =ROUND(AVERAGE(F600:F640),2) -> 26.98
A621: =A620+0.5 -> 348.5 | B621: 27 | C621: 142 | D621: 28.14 | E621: 27.65 | F621: 27.06 | G621: 27.25 | H621: -0.25 | I621: 1 | J621: =ROUND(AVERAGE(F601:F641),2) -> 26.99
A622: =A621+0.5 -> 349 | B622: 27 | C622: 142 | D622: 28.18 | E622: 27.72 | F622: 27.04 | G622: 27.25 | H622: -0.25 | I622: 1 | J622: =ROUND(AVERAGE(F602:F642),2) -> 26.99
A623: =A622+0.5 -> 349.5 | B623: 27 | C623: 142 | D623: 28.1 | E623: 27.61 | F623: 26.94 | G623: 27.25 | H623: -0.25 | I623: 1 | J623: =ROUND(AVERAGE(F603:F643),2) -> 26.99
A624: =A623+0.5 -> 350 | B624: 27 | C624: 142 | D624: 28.18 | E624: 27.7 | F624: 27.02 | G624: 27.25 | H624: -0.25 | I624: 1 | J624: =ROUND(AVERAGE(F604:F644),2) -> 26.99
A625: =A624+0.5 -> 350.5 | B625: 27 | C625: 142 | D625: 28.12 | E625: 27.63 | F625: 26.96 | G625: 27.25 | H625: -0.25 | I625: 1 | J625: =ROUND(AVERAGE(F605:F645),2) -> 26.99
A626: =A625+0.5 -> 351 | B626: 27 | C626: 142 | D626: 28.12 | E626: 27.63 | F626: 26.96 | G626: 27.25 | H626: -0.25 | I626: 1 | J626: =ROUND(AVERAGE(F606:F646),2) -> 26.99
... A733: =A732+0.5 -> 404.5 | B733: 27 | C733: 143 | D733: 27.91 | E733: 27.53 | F733: 26.96 | G733: 27.13 | H733: -0.13 | I733: 1 | J733: =ROUND(AVERAGE(F713:F753),2) -> 26.95
A734: =A733+0.5 -> 405 | B734: 27 | C734: 143 | D734: 27.84 | E734: 27.48 | F734: 26.87 | G734: 27.12 | H734: -0.13 | I734: 1 | J734: =ROUND(AVERAGE(F714:F754),2) -> 26.95 | K734: Meusre à 27C
A735: =A734+0.5 -> 405.5 | B735: 27 | C735: 143 | D735: 27.91 | E735: 27.55 | F735: 26.98 | G735: 27.12 | H735: -0.13 | I735: 1 | J735: =ROUND(AVERAGE(F715:F755),2) -> 26.95
A736: =A735+0.5 -> 406 | B736: 27 | C736: 143 | D736: 27.91 | E736: 27.53 | F736: 26.96 | G736: 27.12 | H736: -0.13 | I736: 1 | J736: =ROUND(AVERAGE(F716:F756),2) -> 26.95
A737: =A736+0.5 -> 406.5 | B737: 27 | C737: 143 | D737: 27.86 | E737: 27.48 | F737: 26.89 | G737: 27.12 | H737: -0.13 | I737: 1 | J737: =ROUND(AVERAGE(F717:F757),2) -> 26.95
A738: =A737+0.5 -> 407 | B738: 27 | C738: 143 | D738: 27.91 | E738: 27.55 | F738: 26.98 | G738: 27.12 | H738: -0.12 | I738: 1 | J738: =ROUND(AVERAGE(F718:F758),2) -> 26.95
A739: =A738+0.5 -> 407.5 | B739: 27 | C739: 143 | D739: 27.89 | E739: 27.48 | F739: 26.91 | G739: 27.12 | H739: -0.12 | I739: 1 | J739: =ROUND(AVERAGE(F719:F759),2) -> 26.95
A740: =A739+0.5 -> 408 | B740: 27 | C740: 143 | D740: 27.95 | E740: 27.55 | F740: 26.96 | G740: 27.12 | H740: -0.12 | I740: 1 | J740: =ROUND(AVERAGE(F720:F760),2) -> 26.95
A741: =A740+0.5 -> 408.5 | B741: 27 | C741: 143 | D741: 27.93 | E741: 27.55 | F741: 26.98 | G741: 27.12 | H741: -0.12 | I741: 1 | J741: =ROUND(AVERAGE(F721:F761),2) -> 26.95
A742: =A741+0.5 -> 409 | B742: 27 | C742: 143 | D742: 27.89 | E742: 27.46 | F742: 26.91 | G742: 27.12 | H742: -0.12 | I742: 1 | J742: =ROUND(AVERAGE(F722:F762),2) -> 26.95
A743: =A742+0.5 -> 409.5 | B743: 27 | C743: 143 | D743: 27.91 | E743: 27.5 | F743: 26.94 | G743: 27.11 | H743: -0.12 | I743: 1 | J743: =ROUND(AVERAGE(F723:F763),2) -> 26.95
A744: =A743+0.5 -> 410 | B744: 27 | C744: 143 | D744: 27.93 | E744: 27.48 | F744: 26.87 | G744: 27.11 | H744: -0.12 | I744: 1 | J744: =ROUND(AVERAGE(F724:F764),2) -> 26.95
A745: =A744+0.5 -> 410.5 | B745: 27 | C745: 143 | D745: 27.93 | E745: 27.53 | F745: 26.96 | G745: 27.11 | H745: -0.12 | I745: 1 | J745: =ROUND(AVERAGE(F725:F765),2) -> 26.95
A746: =A745+0.5 -> 411 | B746: 27 | C746: 143 | D746: 27.95 | E746: 27.55 | F746: 26.96 | G746: 27.11 | H746: -0.11 | I746: 1 | J746: =ROUND(AVERAGE(F726:F766),2) -> 26.94
... A1273: =A1272+0.5 -> 674.5 | B1273: 27 | C1273: 142 | D1273: 28.03 | E1273: 27.67 | F1273: 26.81 | G1273: 27.03 | H1273: -0.02 | I1273: 1 | J1273: =ROUND(AVERAGE(F1253:F1293),2) -> 26.86
A1274: =A1273+0.5 -> 675 | B1274: 27 | C1274: 142 | D1274: 28.08 | E1274: 27.7 | F1274: 26.83 | G1274: 27.03 | H1274: -0.03 | I1274: 1 | J1274: =ROUND(AVERAGE(F1254:F1294),2) -> 26.86 | K1274: Application Perturbation | L1274: P
A1275: =A1274+0.5 -> 675.5 | B1275: 27 | C1275: 142 | D1275: 28.08 | E1275: 27.7 | F1275: 26.81 | G1275: 27.04 | H1275: -0.03 | I1275: 1 | J1275: =ROUND(AVERAGE(F1255:F1295),2) -> 26.86
...

Sheet Robustesse
A1: Temps | B1: (Consigne) | C1: U | D1: T1 | E1: T2 | F1: T3 | G1: T3 estimé | H1: (Erreur) | I1: (Stabilité) | J1: T3 moyen
A2: 25 | B2: 24 | C2: 127 | D2: 25.72 | E2: 26.18 | F2: 25.91 | G2: 25.3 | H2: 0 | I2: 0
A3: =A2+0.5 -> 25.5 | B3: 24 | C3: 127 | D3: 25.78 | E3: 26.24 | F3: 25.93 | G3: 25.31 | H3: 0 | I3: 0
A4: =A3+0.5 -> 26 | B4: 24 | C4: 127 | D4: 25.74 | E4: 26.2 | F4: 25.93 | G4: 25.32 | H4: 0 | I4: 0 | L4: ecart28_robu | M4: {=MAX(ABS(J737:J1097-28))} -> 0.09 | O4: vous devez chosir la plage qui correspond aux 3 minutes centraux pendant laquelle la température est stabilités à 30C
A5: =A4+0.5 -> 26.5 | B5: 24 | C5: 127 | D5: 25.8 | E5: 26.24 | F5: 25.95 | G5: 25.33 | H5: 0 | I5: 0
A6: =A5+0.5 -> 27 | B6: 24 | C6: 127 | D6: 25.78 | E6: 26.22 | F6: 25.91 | G6: 25.34 | H6: 0 | I6: 0
A7: =A6+0.5 -> 27.5 | B7: 24 | C7: 127 | D7: 25.66 | E7: 26.14 | F7: 25.91 | G7: 25.35 | H7: 0 | I7: 0
A8: =A7+0.5 -> 28 | B8: 24 | C8: 127 | D8: 25.78 | E8: 26.24 | F8: 25.95 | G8: 25.36 | H8: 0 | I8: 0 | L8: sdt28_robu | M8: =STDEV(J737:J1097) -> 0.0089440999 | O8: vous devez chosir la plage qui correspond aux 3 minutes centraux pendant laquelle la température est stabilités à 30C
A9: =A8+0.5 -> 28.5 | B9: 24 | C9: 127 | D9: 25.8 | E9: 26.22 | F9: 25.95 | G9: 25.36 | H9: 0 | I9: 0
A10: =A9+0.5 -> 29 | B10: 24 | C10: 127 | D10: 25.74 | E10: 26.18 | F10: 25.91 | G10: 25.37 | H10: 0 | I10: 0
A11: =A10+0.5 -> 29.5 | B11: 24 | C11: 127 | D11: 25.76 | E11: 26.2 | F11: 25.93 | G11: 25.38 | H11: 0 | I11: 0
A12: =A11+0.5 -> 30 | B12: 24 | C12: 127 | D12: 25.72 | E12: 26.16 | F12: 25.93 | G12: 25.39 | H12: 0 | I12: 0 | L12: Temps de réponse selon voyant (s)
A13: =A12+0.5 -> 30.5 | B13: 24 | C13: 127 | D13: 25.78 | E13: 26.22 | F13: 25.95 | G13: 25.39 | H13: 0 | I13: 0
A14: =A13+0.5 -> 31 | B14: 24 | C14: 127 | D14: 25.7 | E14: 26.14 | F14: 25.97 | G14: 25.4 | H14: 0 | I14: 0 | L14: AMB_28 | M14: =A617-A381 -> 118
A15: =A14+0.5 -> 31.5 | B15: 24 | C15: 127 | D15: 25.68 | E15: 26.16 | F15: 25.89 | G15: 25.41 | H15: 0 | I15: 0
A16: =A15+0.5 -> 32 | B16: 24 | C16: 127 | D16: 25.76 | E16: 26.2 | F16: 25.95 | G16: 25.41 | H16: 0 | I16: 0
A17: =A16+0.5 -> 32.5 | B17: 24 | C17: 127 | D17: 25.68 | E17: 26.14 | F17: 25.85 | G17: 25.42 | H17: 0 | I17: 0
A18: =A17+0.5 -> 33 | B18: 24 | C18: 127 | D18: 25.76 | E18: 26.2 | F18: 25.95 | G18: 25.43 | H18: 0 | I18: 0
A19: =A18+0.5 -> 33.5 | B19: 24 | C19: 127 | D19: 25.74 | E19: 26.22 | F19: 25.95 | G19: 25.43 | H19: 0 | I19: 0
A20: =A19+0.5 -> 34 | B20: 24 | C20: 127 | D20: 25.62 | E20: 26.14 | F20: 25.89 | G20: 25.44 | H20: 0 | I20: 0
A21: =A20+0.5 -> 34.5 | B21: 24 | C21: 127 | D21: 25.76 | E21: 26.18 | F21: 25.93 | G21: 25.44 | H21: 0 | I21: 0
A22: =A21+0.5 -> 35 | B22: 24 | C22: 127 | D22: 25.68 | E22: 26.12 | F22: 25.87 | G22: 25.45 | H22: 0 | I22: 0 | J22: =ROUND(AVERAGE(F2:F42),2) -> 25.89
A23: =A22+0.5 -> 35.5 | B23: 24 | C23: 127 | D23: 25.74 | E23: 26.18 | F23: 25.93 | G23: 25.45 | H23: 0 | I23: 0 | J23: =ROUND(AVERAGE(F3:F43),2) -> 25.89
A24: =A23+0.5 -> 36 | B24: 24 | C24: 127 | D24: 25.72 | E24: 26.18 | F24: 25.93 | G24: 25.46 | H24: 0 | I24: 0 | J24: =ROUND(AVERAGE(F4:F44),2) -> 25.88
A25: =A24+0.5 -> 36.5 | B25: 24 | C25: 127 | D25: 25.66 | E25: 26.1 | F25: 25.85 | G25: 25.46 | H25: 0 | I25: 0 | J25: =ROUND(AVERAGE(F5:F45),2) -> 25.88
A26: =A25+0.5 -> 37 | B26: 24 | C26: 127 | D26: 25.72 | E26: 26.16 | F26: 25.89 | G26: 25.47 | H26: 0 | I26: 0 | J26: =ROUND(AVERAGE(F6:F46),2) -> 25.88
A27: =A26+0.5 -> 37.5 | B27: 24 | C27: 127 | D27: 25.76 | E27: 26.16 | F27: 25.85 | G27: 25.47 | H27: 0 | I27: 0 | J27: =ROUND(AVERAGE(F7:F47),2) -> 25.87
A28: =A27+0.5 -> 38 | B28: 24 | C28: 127 | D28: 25.72 | E28: 26.14 | F28: 25.91 | G28: 25.48 | H28: 0 | I28: 0 | J28: =ROUND(AVERAGE(F8:F48),2) -> 25.87
A29: =A28+0.5 -> 38.5 | B29: 24 | C29: 127 | D29: 25.7 | E29: 26.14 | F29: 25.89 | G29: 25.48 | H29: 0 | I29: 0 | J29: =ROUND(AVERAGE(F9:F49),2) -> 25.87
A30: =A29+0.5 -> 39 | B30: 24 | C30: 127 | D30: 25.64 | E30: 26.08 | F30: 25.82 | G30: 25.48 | H30: 0 | I30: 0 | J30: =ROUND(AVERAGE(F10:F50),2) -> 25.86
A31: =A30+0.5 -> 39.5 | B31: 24 | C31: 127 | D31: 25.66 | E31: 26.12 | F31: 25.85 | G31: 25.49 | H31: 0 | I31: 0 | J31: =ROUND(AVERAGE(F11:F51),2) -> 25.86
A32: =A31+0.5 -> 40 | B32: 24 | C32: 127 | D32: 25.7 | E32: 26.14 | F32: 25.89 | G32: 25.49 | H32: 0 | I32: 0 | J32: =ROUND(AVERAGE(F12:F52),2) -> 25.86
A33: =A32+0.5 -> 40.5 | B33: 24 | C33: 127 | D33: 25.62 | E33: 26.03 | F33: 25.78 | G33: 25.49 | H33: 0 | I33: 0 | J33: =ROUND(AVERAGE(F13:F53),2) -> 25.85
A34: =A33+0.5 -> 41 | B34: 24 | C34: 127 | D34: 25.68 | E34: 26.14 | F34: 25.89 | G34: 25.5 | H34: 0 | I34: 0 | J34: =ROUND(AVERAGE(F14:F54),2) -> 25.85 | L34: Vous devez vous assurer que T3 moyenné est calculé correctement comme une moyenne glissante sur 20 secondes
A35: =A34+0.5 -> 41.5 | B35: 24 | C35: 127 | D35: 25.62 | E35: 26.05 | F35: 25.78 | G35: 25.5 | H35: 0 | I35: 0 | J35: =ROUND(AVERAGE(F15:F55),2) -> 25.84
A36: =A35+0.5 -> 42 | B36: 24 | C36: 127 | D36: 25.66 | E36: 26.1 | F36: 25.87 | G36: 25.5 | H36: 0 | I36: 0 | J36: =ROUND(AVERAGE(F16:F56),2) -> 25.84
A37: =A36+0.5 -> 42.5 | B37: 24 | C37: 127 | D37: 25.66 | E37: 26.1 | F37: 25.85 | G37: 25.5 | H37: 0 | I37: 0 | J37: =ROUND(AVERAGE(F17:F57),2) -> 25.84 | L37: Les données fournies en exemple ne sont pas représentatives du test que vous allez faire !
A38: =A37+0.5 -> 43 | B38: 24 | C38: 127 | D38: 25.59 | E38: 26.05 | F38: 25.8 | G38: 25.51 | H38: 0 | I38: 0 | J38: =ROUND(AVERAGE(F18:F58),2) -> 25.83
A39: =A38+0.5 -> 43.5 | B39: 24 | C39: 127 | D39: 25.68 | E39: 26.12 | F39: 25.85 | G39: 25.51 | H39: 0 | I39: 0 | J39: =ROUND(AVERAGE(F19:F59),2) -> 25.83 | L39: Elle ne sont présentes que pour donner une idée de ce qui est attendu
A40: =A39+0.5 -> 44 | B40: 24 | C40: 127 | D40: 25.59 | E40: 26.03 | F40: 25.76 | G40: 25.51 | H40: 0 | I40: 0 | J40: =ROUND(AVERAGE(F20:F60),2) -> 25.82
A41: =A40+0.5 -> 44.5 | B41: 24 | C41: 127 | D41: 25.64 | E41: 26.08 | F41: 25.82 | G41: 25.51 | H41: 0 | I41: 0 | J41: =ROUND(AVERAGE(F21:F61),2) -> 25.82
A42: =A41+0.5 -> 45 | B42: 24 | C42: 127 | D42: 25.64 | E42: 26.1 | F42: 25.85 | G42: 25.51 | H42: 0 | I42: 0 | J42: =ROUND(AVERAGE(F22:F62),2) -> 25.82
A43: =A42+0.5 -> 45.5 | B43: 24 | C43: 127 | D43: 25.59 | E43: 26.03 | F43: 25.76 | G43: 25.52 | H43: 0 | I43: 0 | J43: =ROUND(AVERAGE(F23:F63),2) -> 25.81 | L43: Prenez soin d'indiquer avec un code de couleur, comme dans cet exemple, quelles plages sont utilisées pour les calculs
A44: =A43+0.5 -> 46 | B44: 24 | C44: 127 | D44: 25.64 | E44: 26.1 | F44: 25.85 | G44: 25.52 | H44: 0 | I44: 0 | J44: =ROUND(AVERAGE(F24:F64),2) -> 25.81
A45: =A44+0.5 -> 46.5 | B45: 24 | C45: 127 | D45: 25.59 | E45: 26.03 | F45: 25.74 | G45: 25.52 | H45: 0 | I45: 0 | J45: =ROUND(AVERAGE(F25:F65),2) -> 25.8
A46: =A45+0.5 -> 47 | B46: 24 | C46: 127 | D46: 25.55 | E46: 26.1 | F46: 25.82 | G46: 25.52 | H46: 0 | I46: 0 | J46: =ROUND(AVERAGE(F26:F66),2) -> 25.8
A47: =A46+0.5 -> 47.5 | B47: 24 | C47: 127 | D47: 25.55 | E47: 26.05 | F47: 25.85 | G47: 25.52 | H47: 0 | I47: 0 | J47: =ROUND(AVERAGE(F27:F67),2) -> 25.8
A48: =A47+0.5 -> 48 | B48: 24 | C48: 127 | D48: 25.55 | E48: 25.99 | F48: 25.72 | G48: 25.53 | H48: 0 | I48: 0 | J48: =ROUND(AVERAGE(F28:F68),2) -> 25.8
A49: =A48+0.5 -> 48.5 | B49: 24 | C49: 127 | D49: 25.59 | E49: 26.03 | F49: 25.8 | G49: 25.53 | H49: 0 | I49: 0 | J49: =ROUND(AVERAGE(F29:F69),2) -> 25.79
A50: =A49+0.5 -> 49 | B50: 24 | C50: 127 | D50: 25.57 | E50: 26.05 | F50: 25.8 | G50: 25.53 | H50: 0 | I50: 0 | J50: =ROUND(AVERAGE(F30:F70),2) -> 25.79
A51: =A50+0.5 -> 49.5 | B51: 24 | C51: 127 | D51: 25.57 | E51: 25.99 | F51: 25.76 | G51: 25.53 | H51: 0 | I51: 0 | J51: =ROUND(AVERAGE(F31:F71),2) -> 25.79
A52: =A51+0.5 -> 50 | B52: 24 | C52: 127 | D52: 25.62 | E52: 26.08 | F52: 25.82 | G52: 25.53 | H52: 0 | I52: 0 | J52: =ROUND(AVERAGE(F32:F72),2) -> 25.78
A53: =A52+0.5 -> 50.5 | B53: 24 | C53: 127 | D53: 25.53 | E53: 25.97 | F53: 25.7 | G53: 25.53 | H53: 0 | I53: 0 | J53: =ROUND(AVERAGE(F33:F73),2) -> 25.78
A54: =A53+0.5 -> 51 | B54: 24 | C54: 127 | D54: 25.62 | E54: 26.08 | F54: 25.82 | G54: 25.53 | H54: 0 | I54: 0 | J54: =ROUND(AVERAGE(F34:F74),2) -> 25.78
A55: =A54+0.5 -> 51.5 | B55: 24 | C55: 127 | D55: 25.59 | E55: 26.05 | F55: 25.8 | G55: 25.53 | H55: 0 | I55: 0 | J55: =ROUND(AVERAGE(F35:F75),2) -> 25.77
... A380: =A379+0.5 -> 214 | B380: 25 | C380: 128 | D380: 24.83 | E380: 25.07 | F380: 24.8 | G380: 24.85 | H380: 0.15 | I380: 1 | J380: =ROUND(AVERAGE(F360:F400),2) -> 24.94
A381: =A380+0.5 -> 214.5 | B381: 28 | C381: 128 | D381: 24.89 | E381: 25.16 | F381: 24.89 | G381: 24.85 | H381: 0.15 | I381: 1 | J381: =ROUND(AVERAGE(F361:F401),2) -> 24.95 | K381: Changement Consigne | L381: T
A382: =A381+0.5 -> 215 | B382: 28 | C382: 187 | D382: 24.89 | E382: 25.16 | F382: 24.87 | G382: 24.85 | H382: 3.15 | I382: 0 | J382: =ROUND(AVERAGE(F362:F402),2) -> 24.95
A383: =A382+0.5 -> 215.5 | B383: 28 | C383: 187 | D383: 25.01 | E383: 25.26 | F383: 25.01 | G383: 24.85 | H383: 3.15 | I383: 0 | J383: =ROUND(AVERAGE(F363:F403),2) -> 24.96
A384: =A383+0.5 -> 216 | B384: 28 | C384: 187 | D384: 25.14 | E384: 25.37 | F384: 25.07 | G384: 24.85 | H384: 3.15 | I384: 0 | J384: =ROUND(AVERAGE(F364:F404),2) -> 24.96
A385: =A384+0.5 -> 216.5 | B385: 28 | C385: 187 | D385: 25.22 | E385: 25.34 | F385: 25.05 | G385: 24.86 | H385: 3.15 | I385: 0 | J385: =ROUND(AVERAGE(F365:F405),2) -> 24.97
A386: =A385+0.5 -> 217 | B386: 28 | C386: 187 | D386: 25.28 | E386: 25.34 | F386: 25.07 | G386: 24.86 | H386: 3.14 | I386: 0 | J386: =ROUND(AVERAGE(F366:F406),2) -> 24.97
A387: =A386+0.5 -> 217.5 | B387: 28 | C387: 187 | D387: 25.41 | E387: 25.3 | F387: 25.01 | G387: 24.87 | H387: 3.14 | I387: 0 | J387: =ROUND(AVERAGE(F367:F407),2) -> 24.98
A388: =A387+0.5 -> 218 | B388: 28 | C388: 187 | D388: 25.53 | E388: 25.28 | F388: 25.01 | G388: 24.87 | H388: 3.14 | I388: 0 | J388: =ROUND(AVERAGE(F368:F408),2) -> 24.98
A389: =A388+0.5 -> 218.5 | B389: 28 | C389: 187 | D389: 25.7 | E389: 25.3 | F389: 25.07 | G389: 24.88 | H389: 3.14 | I389: 0 | J389: =ROUND(AVERAGE(F369:F409),2) -> 24.99
A390: =A389+0.5 -> 219 | B390: 28 | C390: 188 | D390: 25.95 | E390: 25.34 | F390: 25.07 | G390: 24.88 | H390: 3.12 | I390: 0 | J390: =ROUND(AVERAGE(F370:F410),2) -> 24.99
A391: =A390+0.5 -> 219.5 | B391: 28 | C391: 188 | D391: 26.05 | E391: 25.28 | F391: 24.99 | G391: 24.88 | H391: 3.12 | I391: 0 | J391: =ROUND(AVERAGE(F371:F411),2) -> 25
A392: =A391+0.5 -> 220 | B392: 28 | C392: 188 | D392: 26.26 | E392: 25.37 | F392: 25.07 | G392: 24.89 | H392: 3.12 | I392: 0 | J392: =ROUND(AVERAGE(F372:F412),2) -> 25
A393: =A392+0.5 -> 220.5 | B393: 28 | C393: 188 | D393: 26.33 | E393: 25.28 | F393: 25.01 | G393: 24.89 | H393: 3.12 | I393: 0 | J393: =ROUND(AVERAGE(F373:F413),2) -> 25.01
... A616: =A615+0.5 -> 332 | B616: 28 | C616: 146 | D616: 29.36 | E616: 28.74 | F616: 27.95 | G616: 28.22 | H616: -0.22 | I616: 0 | J616: =ROUND(AVERAGE(F596:F636),2) -> 27.92
A617: =A616+0.5 -> 332.5 | B617: 28 | C617: 146 | D617: 29.32 | E617: 28.65 | F617: 27.89 | G617: 28.22 | H617: -0.22 | I617: 1 | J617: =ROUND(AVERAGE(F597:F637),2) -> 27.92 | K617: Stabilité Ateinte
A618: =A617+0.5 -> 333 | B618: 28 | C618: 146 | D618: 29.38 | E618: 28.74 | F618: 27.95 | G618: 28.22 | H618: -0.22 | I618: 1 | J618: =ROUND(AVERAGE(F598:F638),2) -> 27.93
A619: =A618+0.5 -> 333.5 | B619: 28 | C619: 146 | D619: 29.38 | E619: 28.74 | F619: 27.97 | G619: 28.22 | H619: -0.22 | I619: 1 | J619: =ROUND(AVERAGE(F599:F639),2) -> 27.93
A620: =A619+0.5 -> 334 | B620: 28 | C620: 146 | D620: 29.32 | E620: 28.67 | F620: 27.91 | G620: 28.22 | H620: -0.22 | I620: 1 | J620: =ROUND(AVERAGE(F600:F640),2) -> 27.93
A621: =A620+0.5 -> 334.5 | B621: 28 | C621: 146 | D621: 29.34 | E621: 28.69 | F621: 27.93 | G621: 28.22 | H621: -0.22 | I621: 1 | J621: =ROUND(AVERAGE(F601:F641),2) -> 27.93
A622: =A621+0.5 -> 335 | B622: 28 | C622: 146 | D622: 29.32 | E622: 28.67 | F622: 27.91 | G622: 28.22 | H622: -0.22 | I622: 1 | J622: =ROUND(AVERAGE(F602:F642),2) -> 27.93
A623: =A622+0.5 -> 335.5 | B623: 28 | C623: 146 | D623: 29.36 | E623: 28.72 | F623: 27.97 | G623: 28.22 | H623: -0.22 | I623: 1 | J623: =ROUND(AVERAGE(F603:F643),2) -> 27.93
A624: =A623+0.5 -> 336 | B624: 28 | C624: 146 | D624: 29.34 | E624: 28.67 | F624: 27.91 | G624: 28.22 | H624: -0.22 | I624: 1 | J624: =ROUND(AVERAGE(F604:F644),2) -> 27.94
A625: =A624+0.5 -> 336.5 | B625: 28 | C625: 146 | D625: 29.23 | E625: 28.65 | F625: 27.91 | G625: 28.22 | H625: -0.22 | I625: 1 | J625: =ROUND(AVERAGE(F605:F645),2) -> 27.94
A626: =A625+0.5 -> 337 | B626: 28 | C626: 146 | D626: 29.34 | E626: 28.67 | F626: 27.95 | G626: 28.22 | H626: -0.22 | I626: 1 | J626: =ROUND(AVERAGE(F606:F646),2) -> 27.94
A627: =A626+0.5 -> 337.5 | B627: 28 | C627: 146 | D627: 29.29 | E627: 28.65 | F627: 27.89 | G627: 28.22 | H627: -0.22 | I627: 1 | J627: =ROUND(AVERAGE(F607:F647),2) -> 27.94
A628: =A627+0.5 -> 338 | B628: 28 | C628: 146 | D628: 29.34 | E628: 28.69 | F628: 27.93 | G628: 28.21 | H628: -0.22 | I628: 1 | J628: =ROUND(AVERAGE(F608:F648),2) -> 27.94
A629: =A628+0.5 -> 338.5 | B629: 28 | C629: 146 | D629: 29.32 | E629: 28.67 | F629: 27.93 | G629: 28.21 | H629: -0.22 | I629: 1 | J629: =ROUND(AVERAGE(F609:F649),2) -> 27.94
... A736: =A735+0.5 -> 392 | B736: 28 | C736: 148 | D736: 29.19 | E736: 28.57 | F736: 27.95 | G736: 28.05 | H736: -0.05 | I736: 1 | J736: =ROUND(AVERAGE(F716:F756),2) -> 27.94
A737: =A736+0.5 -> 392.5 | B737: 28 | C737: 148 | D737: 29.19 | E737: 28.57 | F737: 27.95 | G737: 28.05 | H737: -0.05 | I737: 1 | J737: =ROUND(AVERAGE(F717:F757),2) -> 27.94 | K737: Meusre à 28C | L737: M28
A738: =A737+0.5 -> 393 | B738: 28 | C738: 148 | D738: 29.14 | E738: 28.5 | F738: 27.91 | G738: 28.05 | H738: -0.05 | I738: 1 | J738: =ROUND(AVERAGE(F718:F758),2) -> 27.94
A739: =A738+0.5 -> 393.5 | B739: 28 | C739: 148 | D739: 29.19 | E739: 28.57 | F739: 27.91 | G739: 28.05 | H739: -0.05 | I739: 1 | J739: =ROUND(AVERAGE(F719:F759),2) -> 27.93
A740: =A739+0.5 -> 394 | B740: 28 | C740: 148 | D740: 29.19 | E740: 28.57 | F740: 27.93 | G740: 28.05 | H740: -0.05 | I740: 1 | J740: =ROUND(AVERAGE(F720:F760),2) -> 27.93
A741: =A740+0.5 -> 394.5 | B741: 28 | C741: 148 | D741: 29.14 | E741: 28.5 | F741: 27.89 | G741: 28.04 | H741: -0.05 | I741: 1 | J741: =ROUND(AVERAGE(F721:F761),2) -> 27.93
A742: =A741+0.5 -> 395 | B742: 28 | C742: 148 | D742: 29.21 | E742: 28.57 | F742: 27.95 | G742: 28.04 | H742: -0.04 | I742: 1 | J742: =ROUND(AVERAGE(F722:F762),2) -> 27.93
A743: =A742+0.5 -> 395.5 | B743: 28 | C743: 148 | D743: 29.19 | E743: 28.52 | F743: 27.91 | G743: 28.04 | H743: -0.04 | I743: 1 | J743: =ROUND(AVERAGE(F723:F763),2) -> 27.93
A744: =A743+0.5 -> 396 | B744: 28 | C744: 148 | D744: 29.21 | E744: 28.57 | F744: 27.95 | G744: 28.04 | H744: -0.04 | I744: 1 | J744: =ROUND(AVERAGE(F724:F764),2) -> 27.93
A745: =A744+0.5 -> 396.5 | B745: 28 | C745: 148 | D745: 29.23 | E745: 28.57 | F745: 27.97 | G745: 28.04 | H745: -0.04 | I745: 1 | J745: =ROUND(AVERAGE(F725:F765),2) -> 27.93
A746: =A745+0.5 -> 397 | B746: 28 | C746: 148 | D746: 29.14 | E746: 28.55 | F746: 27.91 | G746: 28.04 | H746: -0.04 | I746: 1 | J746: =ROUND(AVERAGE(F726:F766),2) -> 27.93
A747: =A746+0.5 -> 397.5 | B747: 28 | C747: 148 | D747: 29.23 | E747: 28.57 | F747: 27.95 | G747: 28.04 | H747: -0.04 | I747: 1 | J747: =ROUND(AVERAGE(F727:F767),2) -> 27.92
A748: =A747+0.5 -> 398 | B748: 28 | C748: 148 | D748: 29.14 | E748: 28.48 | F748: 27.91 | G748: 28.04 | H748: -0.04 | I748: 1 | J748: =ROUND(AVERAGE(F728:F768),2) -> 27.92
A749: =A748+0.5 -> 398.5 | B749: 28 | C749: 148 | D749: 29.23 | E749: 28.52 | F749: 27.89 | G749: 28.04 | H749: -0.04 | I749: 1 | J749: =ROUND(AVERAGE(F729:F769),2) -> 27.92
... A1166: =A1165+0.5 -> 607 | B1166: 28 | C1166: 147 | D1166: 29.23 | E1166: 28.63 | F1166: 27.99 | G1166: 28.04 | H1166: -0.04 | I1166: 1 | J1166: =ROUND(AVERAGE(F1146:F1186),2) -> 27.96

Sheet Convialité
A1: Convivialité | B1: indicateur | K1: pondération | L1: note
A3: Présence d'interface graphique | B3: 0 | K3: 1 | L3: =K3*B3 -> 0
A4: Possibilité de démarrer / arrêter l'asservissement | B4: 0 | K4: 1 | L4: =K4*B4 -> 0
A5: Possibilié de changer la consigne | B5: 0 | K5: 1 | L5: =K5*B5 -> 0
A6: Possibilité de modifier le régulateur | B6: 0 | K6: 1 | L6: =K6*B6 -> 0
A7: Voyant d'affichage de stabilité | B7: 0 | K7: 1 | L7: =K7*B7 -> 0
A8: Affichage des températures mesurées en temps réel | B8: 0 | C8: Un champ de texte == 1, Une courbe qui se met à jour == 2 | K8: 1 | L8: =K8*B8 -> 0
A9: Affichage de la température estimée / prédite en temps réel | B9: 0 | C9: Un champ de texte == 1, Une courbe qui se met à jour == 2 | K9: 1 | L9: =K9*B9 -> 0
A10: Affichage de la commande en temps réel | B10: 0 | C10: Un champ de texte == 1, Une courbe qui se met à jour == 2 | K10: 1 | L10: =K10*B10 -> 0
K12: Total convivialité: | L12: =SUM(L3:L10) -> 0
K13: Note convivialité | L13: =L12/20*100 -> 0
A15: Tous les éléments sont notés: | B15: 0 | C15: Absent
B16: 1 | C16: Minimalement présent
B17: 2 | C17: présent
A21: La pondération de chaque élément ne sera pas nécessairement la même dans la note

Sheet Courbes
N36: Prenez soin d'ajuster les plages des axes pour une lisibilité optimale des courbes
N41: Les évaluateurs vont utiliser ces courbes pour valider que les mesures correspondent à leurs photos
N46: Les évaluateurs vont utiliser ces courbes pour estimer les temps de réponses : !Déjà calculer grace au voyant de stabilité voir sommaire
N51: Prenez soin d'indiquer les régions utilisées pour les calculs avec le même code de couleur que dans les autres onglets

Sheet Sommaire
A1: Respect du cahier de charges
F2: * Tout nos plages de calculs sont basé sur le voyant de stabilité du protoype directement ( t+60 à t+240 )
B3: spec | C3: valeur atteinte | F3: * Nos temps de réponses aussi
A4: Température minimale | B4: 20 | C4: ='Réponse échelon'!N14 -> 19.94
A5: Température maximale | B5: 30 | C5: ='Réponse échelon'!N15 -> 29.87 | F5: Temp de réponse selon voyant stabilité:
A6: Précision en température | B6: 0.8 | C6: ='Réponse échelon'!N6 -> 0.1 | D6: ecart_20
C7: ='Réponse échelon'!N5 -> 0.05 | D7: ecart_23 | F7: ='Réponse échelon'!M21 -> AMB_30 | G7: ='Réponse échelon'!N21 -> 194 | H7: =G7 -> 194
C8: ='Réponse perturbation'!M4 -> 0.1 | D8: ecart_27 | F8: ='Réponse échelon'!M22 -> 30_20 | G8: ='Réponse échelon'!N22 -> 434 | I8: Enlever (pire)
C9: ='Réponse perturbation'!M5 -> 0.37 | D9: ecart_27_perturbation | F9: ='Réponse échelon'!M23 -> 20_23 | G9: ='Réponse échelon'!N23 -> 135.5 | H9: =G9 -> 135.5
C10: =Robustesse!M4 -> 0.09 | D10: ecart_28_robustesse | F10: ='Réponse perturbation'!L14 -> AMB_27 | G10: ='Réponse perturbation'!M14 -> 112 | I10: Enlever (meilleur)
C11: ='Réponse échelon'!N4 -> 0.23 | D11: ecart_30 | F11: ='Réponse perturbation'!L15 -> 27_perturb | G11: ='Réponse perturbation'!M15 -> 226.5 | H11: =G11 -> 226.5
F12: =Robustesse!L14 -> AMB_28 | G12: =Robustesse!M14 -> 118 | H12: =G12 -> 118
A13: Stabilité en température | B13: 0.1 | C13: ='Réponse échelon'!N10 -> 0.039363374 | D13: std_20
C14: ='Réponse échelon'!N9 -> 0.022275714 | D14: std_23 | F14: Moyenne | G14: =AVERAGE(G7:G12) -> 203.33333 | H14: sec
C15: ='Réponse perturbation'!M8 -> 0.024003757 | D15: std_27 | F15: Moyenne selon evaluation: | H15: =AVERAGE(H7:H12) -> 168.5 | I15: sec
C16: ='Réponse perturbation'!M9 -> 0.076767718 | D16: std_27_perturbation
C17: =Robustesse!M8 -> 0.0089440999 | D17: std_28_robustesse
C18: ='Réponse échelon'!N8 -> 0.028195744 | D18: std_30
A21: Robustesse | C21: 0 | D21: Nombre de manipulations pour rendre le montage fonctionnel
A23: Convivialité | B23: 0.75 | C23: =Convialité!L13 -> 0 | D23: Voir la note dans l'onglet convivialité
A25: Temps de réponse | B25: 300 secondes | C25: Équipe :**168.5sec*** | D25: Évalateur: Prendre la moyenne du temps de stabilisation observé sur les courbes, enlever le pire et le meilleur résultat
A27: Voyant d'asservissement | B27: oui/non | C27: =Convialité!B7 -> 0
